2014-09-03 12:56:23,302.473227183,18.0116666412,35.4566668193,100803
2014-09-03 12:57:40,303.902626038,17.900000267,35.9733336131,100796
2014-09-03 12:58:57,304.210662842,17.7700000191,36.3466662089,100791
2014-09-03 13:00:13,309.17708079,17.7899999237,36.7833329519,100789
2014-09-03 13:01:30,301.384290059,17.7266664632,36.8266671499,100793
2014-09-03 13:02:47,302.092234294,17.7283330154,37.3233339945,100787
2014-09-03 13:04:04,295.038461685,17.6916663233,37.4466674805,100786
2014-09-03 13:05:20,303.033908208,17.6416665904,37.2000003815,100786
2014-09-03 13:06:37,302.846113841,17.5750003815,37.1633336385,100785
2014-09-03 13:07:54,302.240848541,17.6000003815,37.3166671753,100789
2014-09-03 13:09:11,301.488320033,17.6400003624,37.6299992879,100789
2014-09-03 13:10:30,302.031437556,17.6166670291,37.5100006104,100789
2014-09-03 13:11:49,300.874948502,17.6166669464,37.8333329519,100795
2014-09-03 13:13:06,301.90038681,17.5416668256,37.9100009918,100797
2014-09-03 13:14:25,302.316506704,17.5233334732,37.8466672262,100793
2014-09-03 13:15:47,304.697036743,17.4083333715,37.3533335368,100793
2014-09-03 13:17:04,302.213827769,17.3699999173,37.5799996694,100790
2014-09-03 13:18:21,303.930997849,17.3783331935,37.5999991099,100785
2014-09-03 13:19:37,300.908724467,17.466666654,37.5633335114,100779
2014-09-03 13:20:54,300.560156504,17.5,37.3733339945,100769
2014-09-03 13:22:13,302.205721537,17.5333333588,37.1966665904,100777
2014-09-03 13:23:30,301.738262177,17.5366666921,37.1433330536,100781
2014-09-03 13:24:47,302.225987116,17.5,36.9400004069,100782
2014-09-03 13:26:04,302.45701472,17.498333327,37.0433326721,100781
2014-09-03 13:27:20,301.105976105,17.4633332189,37.1833335876,100776
2014-09-03 13:28:47,302.188158035,17.4466664759,37.1966664632,100787
2014-09-03 13:30:04,301.708539327,17.4016664759,37.2533331553,100783
2014-09-03 13:31:24,314.062436422,17.3299996885,37.2266661326,100786
2014-09-03 13:32:43,303.283850352,17.3133329519,37.3233333588,100784
2014-09-03 13:33:59,301.962534587,17.3033330027,37.5233329773,100779
2014-09-03 13:35:19,303.14874649,17.3299996948,37.4900001526,100778
2014-09-03 13:36:38,304.552475611,17.2949996948,37.556665802,100773
2014-09-03 13:38:00,301.513989766,17.2983332316,37.4833335876,100779
2014-09-03 13:39:17,303.906679153,17.3116663615,37.3866672516,100769
2014-09-03 13:40:36,302.819093068,17.2799999237,37.1899997711,100771
2014-09-03 13:41:53,302.635351817,17.2683336131,37.1933331807,100760
2014-09-03 13:43:10,302.667776744,17.2916666158,36.7966669718,100766
2014-09-03 13:44:26,302.296241124,17.3183333333,36.6266657511,100774
2014-09-03 13:45:43,307.254552841,17.2916668955,36.5233329773,100779
2014-09-03 13:47:00,301.878770192,17.290000356,36.6266663869,100784
2014-09-03 13:48:17,302.860975266,17.2616668955,36.5433334351,100783
2014-09-03 13:49:33,305.230696996,17.1850003815,36.5733332316,100786
2014-09-03 13:50:50,319.553057353,17.1600003306,36.5533330282,100790
2014-09-03 13:52:07,304.822683334,17.0183334223,36.6533327738,100790
2014-09-03 13:53:24,303.09065183,16.8499998093,36.786666743,100783
2014-09-03 13:54:41,305.292844772,16.9299999555,36.9999998728,100785
2014-09-03 13:55:58,307.942231496,17.0083333333,36.9866664886,100782
2014-09-03 13:57:17,305.264472961,17.0300000509,36.9066670736,100787
2014-09-03 13:58:34,305.794080098,17.0316667493,36.9000015259,100786
2014-09-03 13:59:50,307.297786077,17.1000001907,36.9700004578,100782
2014-09-03 14:01:07,306.858698527,17.1000001907,36.9600006104,100780
2014-09-03 14:02:24,306.80735906,17.1016668701,36.7666666667,100781
2014-09-03 14:03:43,305.350939433,17.1200002607,36.6833334605,100779
2014-09-03 14:05:00,306.081851323,17.120000267,36.5899993896,100777
2014-09-03 14:06:17,306.121031443,17.1000001907,36.5,100773
2014-09-03 14:07:34,305.18746376,17.0766668574,36.3866675059,100777
2014-09-03 14:08:53,305.434703827,17.0500001907,36.4500006358,100767
2014-09-03 14:10:10,305.541435877,17.0500001844,36.4100013733,100771
2014-09-03 14:11:27,305.09018898,17.0500001907,36.5366661072,100765
2014-09-03 14:12:44,305.550893148,17.0800001907,36.653332901,100766
2014-09-03 14:14:01,306.24127388,17.1233336004,36.8566669464,100768
2014-09-03 14:15:20,303.79319191,17.1183335559,36.8600004832,100775
2014-09-03 14:16:37,306.199391683,17.0866668638,36.5933321635,100767
2014-09-03 14:17:56,305.631955465,17.0633335241,36.7266662598,100763
2014-09-03 14:19:20,305.44145902,17.0733335241,36.6433327993,100763
2014-09-03 14:20:37,305.754899979,17.0933335304,36.5900002797,100763
2014-09-03 14:21:54,306.025107702,17.1183335876,36.5399995168,100766
2014-09-03 14:23:11,305.413087209,17.1116669019,36.5633324941,100755
2014-09-03 14:24:27,306.169668833,17.1200002607,36.7099994659,100760
2014-09-03 14:25:44,305.694103241,17.1116669019,36.7299996694,100767
2014-09-03 14:27:01,306.293964386,17.1033335304,36.5866653442,100760
2014-09-03 14:28:18,305.581967036,17.1900003433,36.639999644,100763
2014-09-03 14:29:35,306.791146596,17.1650003624,36.5266665141,100764
2014-09-03 14:30:52,304.792960485,17.1400003433,36.5,100763
2014-09-03 14:32:08,306.254784266,17.1033336639,36.2933331807,100755
2014-09-03 14:33:25,305.683294932,17.1450003242,36.3700003306,100754
2014-09-03 14:34:44,306.645234426,17.1150002607,36.3533336639,100754
2014-09-03 14:36:04,307.781457901,17.0933335368,36.3933345795,100756
2014-09-03 14:37:21,306.064287821,17.1683336512,36.5300003052,100759
2014-09-03 14:38:37,304.239034653,17.1966670354,36.6166659037,100757
2014-09-03 14:39:54,303.494612376,17.1983337084,36.5333328247,100756
2014-09-03 14:41:11,306.506077449,17.1583336767,36.4033342997,100757
2014-09-03 14:42:28,305.696805318,17.0950002925,36.7099995931,100757
2014-09-03 14:43:50,305.765708288,17.0500001907,36.7299995422,100754
2014-09-03 14:45:06,306.208848953,17.0500001907,36.5266662598,100754
2014-09-03 14:46:23,305.588722229,17.0550001907,36.5,100763
2014-09-03 14:47:40,296.748876572,17.0466668447,36.673332723,100761
2014-09-03 14:48:57,306.778987249,17.0516668065,36.7133338928,100760
2014-09-03 14:50:14,306.316932042,17.1000001907,36.7999997457,100764
2014-09-03 14:51:30,304.044485092,17.1116668574,36.8499997457,100755
2014-09-03 14:52:47,306.839783986,17.1550002098,37.0666657766,100756
2014-09-03 14:54:04,305.942694346,17.1383335304,37.0799990336,100753
2014-09-03 14:55:21,306.966781616,17.0783335241,37.1800003052,100756
2014-09-03 14:56:38,305.842717489,17.0416668256,37.3966667175,100754
2014-09-03 14:57:54,306.711435318,17.0100000381,37.4266668955,100760
2014-09-03 14:59:11,307.159980138,17.0633334541,37.2866661072,100760
2014-09-03 15:00:28,305.869738261,17.0466667811,37.2999992371,100765
2014-09-03 15:01:45,305.021286011,17.0066666921,37.419999822,100763
2014-09-03 15:03:01,305.731932322,17.0066666667,37.5,100764
2014-09-03 15:04:18,305.796782176,17.006666673,37.5,100767
2014-09-03 15:05:35,305.176655451,17,37.7599999746,100768
2014-09-03 15:06:52,304.795662562,17,37.7299992879,100766
2014-09-03 15:08:08,306.960026423,17,37.6266657511,100767
2014-09-03 15:09:25,306.607405345,17.0316666667,37.6700000763,100767
2014-09-03 15:10:42,305.780569712,17.081666762,37.6266657511,100767
2014-09-03 15:11:59,306.004842122,17.1466668447,37.5066665649,100761
2014-09-03 15:13:16,306.441227595,17.1500001971,37.5033332825,100762
2014-09-03 15:14:32,306.883017222,17.1633335749,37.4233341217,100759
2014-09-03 15:15:49,307.295084,17.1450002416,37.3433333079,100765
2014-09-03 15:17:06,307.282924652,17.1566669337,37.546667099,100776
2014-09-03 15:18:25,306.335846583,17.1666669273,37.5366661072,100775
2014-09-03 15:19:42,305.641412735,17.170000267,37.5533330282,100779
2014-09-03 15:20:59,305.795431137,17.165000248,37.5633330027,100782
2014-09-03 15:22:16,307.939529419,17.1866669973,37.6133333842,100783
2014-09-03 15:23:32,304.040431976,17.1933336639,37.8266670227,100781
2014-09-03 15:24:49,303.574323654,17.2500003815,37.5833333333,100787
2014-09-03 15:26:06,301.892280579,17.2516670227,37.2199996948,100781
2014-09-03 15:27:23,300.673643748,17.2933336131,37.1999998728,100791
2014-09-03 15:28:40,302.346229553,17.3533329519,36.8900002797,100793
2014-09-03 15:29:56,301.850398382,17.3499996185,37.4700005849,100797
2014-09-03 15:31:13,306.9627285,17.3099997965,36.8866663615,100799
2014-09-03 15:32:30,306.568225225,17.2550002797,36.4300000509,100796
2014-09-03 15:33:47,304.776748021,17.2533336639,36.4733334859,100799
2014-09-03 15:35:03,303.682406743,17.2683334351,36.7266667684,100797
2014-09-03 15:36:30,306.733051936,17.2283335114,36.6166656494,100805
2014-09-03 15:37:47,309.641838074,17.2000003815,36.4000002543,100806
2014-09-03 15:39:07,301.528851191,17.2183336639,36.2099997203,100802
2014-09-03 15:40:23,305.483341217,17.1900002543,35.6533334096,100800
2014-09-03 15:41:40,306.296666463,17.103333683,35.5433326721,100803
2014-09-03 15:42:57,304.901043574,17.061666921,35.4866663615,100801
2014-09-03 15:44:14,303.397337596,17.0100001907,35.8533330282,100800
2014-09-03 15:45:31,304.929415385,16.9766667684,35.8833332062,100803
2014-09-03 15:46:52,305.700858434,16.951666673,35.563333257,100794
2014-09-03 15:48:09,304.048538208,16.95,35.3333332062,100798
2014-09-03 15:49:26,302.615086238,16.925,35.9633331299,100803
2014-09-03 15:50:43,302.488088608,16.8716665586,35.6066670736,100807
2014-09-03 15:52:02,303.085247676,16.8566665014,35.1199995677,100811
2014-09-03 15:53:21,302.977164586,16.8416664759,35.2499997457,100815
2014-09-03 15:54:38,302.724520365,16.8033331426,35.2533330282,100816
2014-09-03 15:55:55,302.786668142,16.7999998093,34.9233341217,100814
2014-09-03 15:57:15,302.679936091,16.7999998093,34.7633331299,100818
2014-09-03 15:58:31,303.179820379,16.7999998093,34.7899997711,100821
2014-09-03 15:59:48,302.873134613,16.7716663678,35.2733331045,100824
2014-09-03 16:01:05,302.862326304,16.7499996185,35.4900004069,100821
2014-09-03 16:02:22,304.107983907,16.7499996185,35.713333257,100821
2014-09-03 16:03:41,303.333838781,16.7799996185,35.7133337657,100823
2014-09-03 16:04:58,302.986621857,16.7949996312,35.7333334605,100829
2014-09-03 16:06:15,301.581541697,16.7766662852,36.016666921,100833
2014-09-03 16:07:34,302.421887716,16.7499996185,36.1966660817,100841
2014-09-03 16:08:53,302.448908488,16.7483329773,36.3300006866,100844
2014-09-03 16:10:10,302.829901377,16.7499996185,36.5266662598,100846
2014-09-03 16:11:27,303.455432256,16.7499996185,36.7733339945,100847
2014-09-03 16:12:44,302.898804347,16.7516662852,36.9266676585,100846
2014-09-03 16:14:00,302.797476451,16.7499996185,36.8466669718,100847
2014-09-03 16:15:17,303.983688354,16.7483329773,36.6600001017,100848
2014-09-03 16:16:34,302.686691284,16.7316664632,36.3133336385,100851
2014-09-03 16:17:51,303.633769353,16.7150001526,36.2933335622,100852
2014-09-03 16:19:08,302.392164866,16.6983334351,35.9700004578,100852
2014-09-03 16:20:24,302.848815918,16.6633335622,35.7500001272,100851
2014-09-03 16:21:41,302.724520365,16.6633335114,35.7266670227,100853
2014-09-03 16:22:58,309.275706609,16.6666669464,35.7300003052,100854
2014-09-03 16:24:15,312.075058619,16.665000356,35.8299999237,100857
2014-09-03 16:25:31,303.756713867,16.6633337148,35.8933333079,100858
2014-09-03 16:26:48,302.347580592,16.7033336639,36.0766663869,100862
2014-09-03 16:28:08,303.13928922,16.7000003815,36.1099994659,100860
2014-09-03 16:29:24,302.479982376,16.7000003815,36.2866664886,100859
2014-09-03 16:30:41,297.724326452,16.7016670227,36.2766663869,100855
2014-09-03 16:32:00,302.354335785,16.7000003815,36.08666598,100858
2014-09-03 16:33:20,303.225755692,16.7016670227,36.5699999491,100858
2014-09-03 16:34:37,303.444623947,16.7000003815,36.0833332062,100858
2014-09-03 16:35:53,303.056875865,16.725,36.1299994151,100858
2014-09-03 16:37:10,302.094936371,16.7116668701,35.983333842,100861
2014-09-03 16:38:27,303.352753321,16.7083335876,36.5399997711,100866
2014-09-03 16:39:44,302.802880605,16.7016670227,36.1600001017,100868
2014-09-03 16:41:01,302.527268728,16.6816670481,35.9966667175,100869
2014-09-03 16:42:20,303.004185359,16.6916670481,35.9666671753,100869
2014-09-03 16:43:37,302.617788315,16.6500003815,35.8266665141,100869
2014-09-03 16:44:56,303.125778834,16.6766670481,35.7699996948,100876
2014-09-03 16:46:13,304.376840591,16.6533337148,35.7400001526,100868
2014-09-03 16:47:30,302.108446757,16.6500003815,35.7533332825,100872
2014-09-03 16:48:49,303.146044413,16.6300003815,35.7233337402,100878
2014-09-03 16:50:06,302.73938179,16.6500003815,35.8999993642,100883
2014-09-03 16:51:23,301.007350286,16.6516670481,36.1299996694,100886
2014-09-03 16:52:39,303.160905838,16.6483337084,36.1733324687,100885
2014-09-03 16:53:56,302.877187729,16.6500003751,36.283333842,100891
2014-09-03 16:55:13,302.373250326,16.6500003624,36.2666664124,100891
2014-09-03 16:56:30,302.64210701,16.6983337148,36.1233323415,100895
2014-09-03 16:57:47,302.565097809,16.6683337021,36.2066664378,100899
2014-09-03 16:59:03,302.358388901,16.643333683,36.5666666667,100903
2014-09-03 17:00:20,302.965005239,16.6250002861,36.6433333079,100905
2014-09-03 17:01:45,302.005767822,16.6000001907,36.6199991862,100912
2014-09-03 17:03:04,302.970409393,16.6000001907,36.7199996948,100912
2014-09-03 17:04:21,303.801298141,16.6000001907,36.8833332062,100915
2014-09-03 17:05:37,303.206841151,16.6033335368,36.8200005849,100916
2014-09-03 17:06:54,302.752892176,16.6050002098,37.0966669718,100926
2014-09-03 17:08:11,303.025801977,16.6000001907,37.3999997457,100931
2014-09-03 17:09:28,302.779912949,16.5983335241,37.5466674805,100932
2014-09-03 17:10:45,302.523215612,16.6000001907,37.6333334605,100929
2014-09-03 17:12:01,303.223053614,16.5983335241,38.0333332062,100934
2014-09-03 17:13:18,302.858273188,16.5983335241,38.5800003052,100936
2014-09-03 17:14:35,302.656968435,16.5600001907,38.3600001017,100935
2014-09-03 17:15:52,302.647511164,16.5733335241,38.7733336131,100932
2014-09-03 17:17:08,303.001483281,16.5550001589,39.4400001526,100934
2014-09-03 17:18:25,302.64210701,16.5100000381,39.4100004832,100933
2014-09-03 17:19:42,303.164958954,16.5183333778,39.6266665141,100935
2014-09-03 17:20:59,302.504301071,16.5,39.5266667684,100939
2014-09-03 17:22:16,302.727222443,16.5,39.4233338674,100938
2014-09-03 17:23:32,303.152799606,16.5,39.7100001017,100933
2014-09-03 17:24:52,301.464001338,16.5,39.5133336385,100936
2014-09-03 17:26:08,302.977164586,16.495,39.6033334096,100935
2014-09-03 17:27:25,304.064750671,16.4983333333,39.5566666921,100937
2014-09-03 17:28:42,302.717765172,16.4699999873,39.2999998728,100939
2014-09-03 17:29:59,303.995847702,16.4816666667,39.1533330282,100940
2014-09-03 17:31:18,303.294658661,16.4666666158,39.4966668447,100938
2014-09-03 17:32:35,302.820444107,16.4616665204,39.276667277,100937
2014-09-03 17:33:52,302.975813548,16.4916666349,39.0166665395,100936
2014-09-03 17:35:08,302.567799886,16.5,38.8533336639,100944
2014-09-03 17:36:25,302.821795146,16.5,38.6200000763,100944
2014-09-03 17:37:42,301.901737849,16.5,38.3500001272,100950
2014-09-03 17:38:59,303.976933161,16.4949999809,38.5333335876,100957
2014-09-03 17:40:15,302.865028381,16.4849999428,38.3300000509,100963
2014-09-03 17:41:35,303.332487742,16.4483331871,38.230000178,100960
2014-09-03 17:42:51,302.654266357,16.4933333079,37.7766666412,100962
2014-09-03 17:44:08,302.802880605,16.5,37.7000007629,100971
2014-09-03 17:45:25,302.493492762,16.5,37.986666743,100974
2014-09-03 17:46:42,302.982568741,16.5,37.8866671244,100973
2014-09-03 17:47:59,296.366532644,16.498333327,38.1366666158,100972
2014-09-03 17:49:18,303.317626317,16.5,38.430000178,100975
2014-09-03 17:50:35,303.008238475,16.4449998601,38.376667277,100978
2014-09-03 17:51:52,303.989092509,16.4616665332,38.5566664378,100980
2014-09-03 17:53:08,303.595940272,16.428333149,38.7300000509,100979
2014-09-03 17:54:25,304.980754852,16.3999998093,38.7833334605,100973
2014-09-03 17:55:52,303.373018901,16.3999998093,38.8933340708,100970
2014-09-03 17:57:11,303.247372309,16.419999822,38.7566661835,100971
2014-09-03 17:58:28,305.48063914,16.4049998093,39.0933330536,100978
2014-09-03 17:59:45,303.331136703,16.3999998093,39.0999994914,100982
2014-09-03 18:01:02,305.48063914,16.3999998093,39.1266663869,100975
2014-09-03 18:02:18,306.188583374,16.3983331362,39.2233336131,100970
2014-09-03 18:03:35,304.109334946,16.3949997902,38.9533330282,100972
2014-09-03 18:04:52,302.644809087,16.3899997711,38.939999644,100971
2014-09-03 18:06:09,303.181171417,16.4033331426,38.8866666158,100972
2014-09-03 18:07:26,302.869081497,16.4116664759,38.6533337911,100969
2014-09-03 18:08:42,303.7053744,16.4049998093,38.0799996694,100973
2014-09-03 18:09:59,305.729230245,16.4149998093,38.1299994151,100970
2014-09-03 18:11:19,303.268988927,16.4383331426,38.3533334096,100976
2014-09-03 18:12:35,302.804231644,16.4183331426,38.1266667684,100977
2014-09-03 18:13:52,302.616437276,16.4016664759,38.2033335368,100978
2014-09-03 18:15:11,303.010940552,16.3999998093,38.316666921,100983
2014-09-03 18:16:33,302.782615026,16.3999998093,37.9000001272,100984
2014-09-03 18:17:53,302.461067835,16.3999998093,37.8933331807,100982
2014-09-03 18:19:09,302.634000778,16.3999998093,38.1700003306,100986
2014-09-03 18:20:26,303.575674693,16.3983331362,38.3166670481,100985
2014-09-03 18:21:43,304.451147715,16.384999752,38.139999644,100983
2014-09-03 18:23:00,304.141759872,16.3666663488,38.2566664378,100983
2014-09-03 18:24:17,304.307937622,16.3666663488,38.219999822,100987
2014-09-03 18:25:39,307.511250178,16.3483329646,38.1266661326,100985
2014-09-03 18:26:58,304.433584213,16.3449996185,38.1066661835,100990
2014-09-03 18:28:15,303.891817729,16.3449996503,38.2600002289,100989
2014-09-03 18:29:32,305.706262589,16.3316662852,38.6833329519,100989
2014-09-03 18:30:48,303.943157196,16.3383329519,38.5133331299,100991
2014-09-03 18:32:05,303.58783404,16.3283329519,38.6400001526,100987
2014-09-03 18:33:22,304.740269979,16.3416662852,38.5599997203,100992
2014-09-03 18:34:39,304.715951284,16.3233329519,38.5699996948,100993
2014-09-03 18:35:58,302.925825119,16.3033329519,38.6299997965,100992
2014-09-03 18:37:15,303.283850352,16.3049996185,38.6366662343,100997
2014-09-03 18:38:32,302.758296331,16.3466662852,38.6466657003,101000
2014-09-03 18:39:48,304.076910019,16.3499996185,38.8333333333,101002
2014-09-03 18:41:05,306.064287821,16.3399996185,39.0333328247,100999
2014-09-03 18:42:22,303.762118022,16.3016662852,38.9033336639,100997
2014-09-03 18:43:39,305.641412735,16.3016662852,39.086666743,100991
2014-09-03 18:44:55,303.08119456,16.3366662852,38.9433344523,100992
2014-09-03 18:46:12,303.776979446,16.3516662916,39.0766676585,100993
2014-09-03 18:47:29,304.116090139,16.3499996185,39.1433333079,100992
2014-09-03 18:48:46,305.1293691,16.3249996185,39.0933339437,100997
2014-09-03 18:50:03,304.116090139,16.3299996185,38.9466668447,100997
2014-09-03 18:51:19,304.166078568,16.4399997203,38.819999822,100999
2014-09-03 18:52:36,301.931460698,16.658333238,38.6966662089,101004
2014-09-03 18:53:53,302.970409393,16.7700001144,38.4166679382,101002
2014-09-03 18:55:10,302.325963974,16.7800001907,38.2366663615,101000
2014-09-03 18:56:27,302.189509074,16.9400001844,38.0433327993,101004
2014-09-03 18:57:43,308.67989858,16.9016665904,37.8566672007,101003
2014-09-03 18:59:00,304.967244466,16.8833332062,37.9666673024,101003
2014-09-03 19:00:17,306.711435318,16.8799997457,37.9833335876,101008
2014-09-03 19:01:36,304.633537928,16.8799997203,37.9633338928,101007
2014-09-03 19:02:53,304.037729899,16.9383329519,37.9400004069,101011
2014-09-03 19:04:12,303.69591713,16.9333329519,37.7999992371,101013
2014-09-03 19:05:29,302.06656456,17.0233330854,37.789999644,101016
2014-09-03 19:06:46,304.072856903,16.9999998093,37.663333257,101014
2014-09-03 19:08:03,302.194913228,16.9999998093,37.5233329773,101016
2014-09-03 19:09:27,305.257717768,16.9816664759,37.4566673279,101012
2014-09-03 19:10:44,302.044947942,16.9733331426,37.4833335876,101010
2014-09-03 19:12:01,304.857810338,16.9983331426,37.4600006104,101011
2014-09-03 19:13:18,302.451610565,17.0416665141,37.5066665649,101014
2014-09-03 19:14:34,303.789138794,17.0399998856,37.4733337402,101017
2014-09-03 19:15:51,306.831677755,17.0533332507,37.3366671244,101013
2014-09-03 19:17:08,304.613272349,17.0366666158,37.3500007629,101008
2014-09-03 19:18:32,306.764125824,17.0233332634,37.4200004578,101006
2014-09-03 19:19:52,306.677659353,16.9533331553,37.443334198,101000
2014-09-03 19:21:08,306.330442429,16.9449998093,37.4266677856,101000
2014-09-03 19:22:28,303.289254506,16.9933331617,37.5599993388,100999
2014-09-03 19:23:45,307.500441869,17.0216665649,37.4533340454,101001
2014-09-03 19:25:01,304.155270259,16.9566664886,37.4033344269,101005
2014-09-03 19:26:18,304.148515066,16.9949998538,37.5466659546,101004
2014-09-03 19:27:35,305.468479792,17.0666666667,37.5333328247,101005
2014-09-03 19:28:54,303.175767263,17.0633333333,37.5899986267,101004
2014-09-03 19:30:11,305.052359899,17.05,37.5,101003
2014-09-03 19:31:28,307.435592016,17.05,37.4133346558,101003
2014-09-03 19:32:45,304.961840312,16.9983333206,37.5133331299,101005
2014-09-03 19:34:01,305.283387502,17.0083332698,37.4833335876,101011
2014-09-03 19:35:18,304.486274719,17.0433333333,37.5199996948,101007
2014-09-03 19:36:35,305.525223414,16.9949999873,37.4333340963,101006
2014-09-03 19:37:54,305.326620738,16.9033331553,37.4533340454,101015
2014-09-03 19:39:11,307.081619898,16.9099998093,37.6499996185,101013
2014-09-03 19:40:28,299.18885231,16.9499998093,37.6700000763,101012
2014-09-03 19:41:44,306.653340658,16.9566664886,37.6533330282,101014
2014-09-03 19:43:01,305.417140325,16.9616665204,37.6166655223,101017
2014-09-03 19:44:18,306.157509486,16.9683331744,37.6166655223,101012
2014-09-03 19:45:37,305.687348048,16.9499998093,37.5966660817,101013
2014-09-03 19:46:54,306.331793467,16.9233331426,37.6599998474,101011
2014-09-03 19:48:13,305.726528168,16.8999998093,37.7433334351,101014
2014-09-03 19:49:33,304.145812988,16.8999998093,37.7266670227,101012
2014-09-03 19:50:54,304.65110143,16.8783331299,37.8933333079,101015
2014-09-03 19:52:11,304.5241038,16.8766663933,37.8466669718,101017
2014-09-03 19:53:28,303.036610285,16.8049996376,37.8466669718,101022
2014-09-03 19:54:45,306.406100591,16.8516662916,37.9966667175,101028
2014-09-03 19:56:01,306.477705638,16.9049997266,37.9766670227,101030
2014-09-03 19:57:18,304.849704107,16.9066664505,37.8099994659,101034
2014-09-03 19:58:37,306.414206823,16.8999997775,37.9266675313,101033
2014-09-03 19:59:54,303.67565155,16.8916664441,37.8466669718,101037
2014-09-03 20:01:11,305.844068527,16.8666663488,37.9933334351,101031
2014-09-03 20:02:28,304.309288661,16.8716663678,37.9033339183,101030
2014-09-03 20:03:45,303.454081217,16.8416662979,38.0500006358,101025
2014-09-03 20:05:01,298.624118169,16.8183329519,38.0733332316,101028
2014-09-03 20:06:18,306.291262309,16.8199996185,38.0599990845,101025
2014-09-03 20:07:35,304.064750671,16.8016662852,38.1766658783,101024
2014-09-03 20:08:52,303.283850352,16.7999996185,38.36333402,101029
2014-09-03 20:10:09,304.443041484,16.7999996185,38.1599998474,101028
2014-09-03 20:11:25,303.535143534,16.7999996185,38.2699996948,101030
2014-09-03 20:12:47,303.039312363,16.7999996185,38.4733334859,101029
2014-09-03 20:14:07,303.293307622,16.7949996948,38.3533336639,101030
2014-09-03 20:15:23,302.585363388,16.7683333842,38.7833333333,101032
2014-09-03 20:16:40,303.882360458,16.7633334859,38.5500002543,101031
2014-09-03 20:17:57,303.239266078,16.745000356,38.6033330282,101031
2014-09-03 20:19:14,303.751309713,16.756666921,38.5866663615,101030
2014-09-03 20:20:33,304.33901151,16.7766666412,38.5333332062,101029
2014-09-03 20:21:50,304.183642069,16.8033331299,38.5233334859,101028
2014-09-03 20:23:07,302.706956863,16.7516670227,38.3466667175,101027
2014-09-03 20:24:23,302.847464879,16.7500003815,38.5033332825,101026
2014-09-03 20:25:40,302.473227183,16.7133337148,38.3733334859,101024
2014-09-03 20:26:57,304.642995199,16.7433336894,38.3466668447,101024
2014-09-03 20:28:14,303.321679433,16.7350003815,38.3333333333,101022
2014-09-03 20:29:31,304.515997569,16.7450003052,38.2566669464,101020
2014-09-03 20:30:52,304.822683334,16.7533336639,38.2566666921,101024
2014-09-03 20:32:09,304.572741191,16.7616668701,38.2266670227,101027
2014-09-03 20:33:26,304.91455396,16.7583335876,38.2933335622,101028
2014-09-03 20:34:45,303.345998128,16.8716663106,38.3333333333,101027
2014-09-03 20:36:02,307.555834452,16.8766662852,38.0933330536,101030
2014-09-03 20:37:19,305.719772975,16.8749996312,38.0766666412,101033
2014-09-03 20:38:36,316.579421361,16.8599996567,37.943334198,101034
2014-09-03 20:39:53,306.272347768,16.8533329646,37.8400001526,101036
2014-09-03 20:41:09,302.783966064,16.8333329519,37.9066673279,101031
2014-09-03 20:42:26,304.225524267,16.8199996185,37.8866673787,101033
2014-09-03 20:43:43,307.358582815,16.9016663551,37.9733334859,101037
2014-09-03 20:45:00,303.756713867,16.8649996758,37.7400001526,101037
2014-09-03 20:46:17,306.326389313,16.8499996185,37.7166671753,101035
2014-09-03 20:47:33,305.711666743,16.8499996185,37.776667277,101041
2014-09-03 20:48:50,307.636896769,16.8516662916,37.7433339437,101039
2014-09-03 20:50:09,305.172602336,16.8499996185,37.6766662598,101037
2014-09-03 20:51:29,305.767059326,16.8499996185,37.7766662598,101042
2014-09-03 20:52:45,307.904402415,16.8499996185,37.7766662598,101040
2014-09-03 20:54:02,305.45091629,16.8499996185,37.7200004578,101037
2014-09-03 20:55:19,304.81727918,16.8449996185,37.6299990336,101036
2014-09-03 20:56:36,305.121262868,16.8199996185,37.7399998983,101033
2014-09-03 20:57:53,305.556297302,16.8399996185,37.6999997457,101035
2014-09-03 20:59:09,306.320985158,16.8499996185,37.63666598,101037
2014-09-03 21:00:26,305.881897608,16.8499996185,37.5599990845,101039
2014-09-03 21:01:43,305.303653081,16.8499996185,37.6200000763,101038
2014-09-03 21:03:00,304.822683334,16.8499996185,37.4366669973,101036
2014-09-03 21:04:17,312.035878499,16.8449996185,37.3666674296,101034
2014-09-03 21:05:33,304.557879766,16.8483329582,37.3566672007,101034
2014-09-03 21:06:50,303.405443827,16.8216662852,37.4333343506,101036
2014-09-03 21:08:09,303.309520086,16.7999996185,37.4500007629,101036
2014-09-03 21:09:26,303.909381231,16.7999996185,37.5,101037
2014-09-03 21:10:46,304.756482442,16.7999996185,37.5599990845,101038
2014-09-03 21:12:02,303.502718608,16.7999996185,37.4666671753,101037
2014-09-03 21:13:19,305.948098501,16.8033329519,37.5933333079,101034
2014-09-03 21:14:36,303.282499313,16.8033329773,37.6199994405,101031
2014-09-03 21:15:53,304.517348607,16.804999644,37.4966667175,101034
2014-09-03 21:17:12,305.74409167,16.8383329519,37.5,101032
2014-09-03 21:18:31,308.329979579,16.8499996185,37.4933334351,101034
2014-09-03 21:19:48,304.351170858,16.8499996185,37.5333328247,101037
2014-09-03 21:21:07,303.660790126,16.8399996185,37.4566673279,101035
2014-09-03 21:22:24,303.959369659,16.8466662852,37.4066680908,101030
2014-09-03 21:23:41,312.276363373,16.8199996185,37.4600006104,101031
2014-09-03 21:24:58,304.630835851,16.7949996948,37.5333328247,101033
2014-09-03 21:26:14,302.365144094,16.7883331299,37.7933336894,101034
2014-09-03 21:27:31,302.756945292,16.7916664124,37.6933331807,101032
2014-09-03 21:28:48,302.896102269,16.7733333588,37.6933331807,101030
2014-09-03 21:30:05,304.205258687,16.7266670481,37.6233336131,101029
2014-09-03 21:31:22,302.384058634,16.7650001526,37.8066664378,101027
2014-09-03 21:32:41,301.731506983,16.7533336131,37.6599997203,101026
2014-09-03 21:33:58,302.497545878,16.7166670481,37.5866661072,101025
2014-09-03 21:35:15,302.247603734,16.7066670481,37.5866653442,101027
2014-09-03 21:36:31,302.509705226,16.7050003815,37.6966664632,101028
2014-09-03 21:37:48,302.254358927,16.7000003815,38.0166664124,101028
2014-09-03 21:39:05,304.63218689,16.7200003815,37.7466667175,101026
2014-09-03 21:40:22,301.512638728,16.7316670481,37.9766666412,101029
2014-09-03 21:41:38,302.584012349,16.7150003751,37.8266666412,101027
2014-09-03 21:42:55,302.802880605,16.7016670291,37.8633338928,101024
2014-09-03 21:44:12,302.019278208,16.6916670163,38.0466663361,101022
2014-09-03 21:45:29,302.54483223,16.7283337084,38.1433329264,101018
2014-09-03 21:46:48,303.05147171,16.7050003242,37.7700003306,101018
2014-09-03 21:48:05,302.797476451,16.6866669464,37.9000005086,101016
2014-09-03 21:49:22,302.230040232,16.6533335368,37.9700002035,101015
2014-09-03 21:50:39,301.98820432,16.6566668828,37.7666664124,101014
2014-09-03 21:51:55,296.905597051,16.665000248,37.8899997711,101013
2014-09-03 21:53:12,302.111148834,16.6516668638,37.8366669973,101011
2014-09-03 21:54:29,303.143342336,16.6583335559,38.1566668193,101011
2014-09-03 21:55:51,302.255709966,16.6566668828,38.0700002035,101010
2014-09-03 21:57:08,303.221702576,16.6500001907,38.0233329773,101010
2014-09-03 21:58:25,303.127129873,16.6500001907,37.9633341471,101011
2014-09-03 21:59:41,302.358388901,16.668333594,38.2433334351,101010
2014-09-03 22:01:01,307.166735331,16.6566668828,38.1733328501,101011
2014-09-03 22:02:18,302.077372869,16.6533335368,38.3099994659,101011
2014-09-03 22:03:34,302.555640539,16.6500001907,38.2733337402,101011
2014-09-03 22:04:56,305.590073268,16.6500001907,38.446667099,101011
2014-09-03 22:06:13,302.543481191,16.6500001907,38.6433339437,101010
2014-09-03 22:07:30,303.562164307,16.6500001907,38.3900001526,101010
2014-09-03 22:08:47,302.338123322,16.6500001907,38.213333257,101010
2014-09-03 22:10:04,302.66102155,16.6500001907,38.4333329519,101013
2014-09-03 22:11:20,302.66102155,16.6583335559,38.4333335876,101010
2014-09-03 22:12:37,302.267869314,16.7000003306,38.3200003306,101010
2014-09-03 22:13:56,301.835536957,16.7016669909,38.4666665395,101008
2014-09-03 22:15:13,309.163570404,16.668333594,38.3866668701,101007
2014-09-03 22:16:30,302.855571111,16.6933336767,38.2899993896,101006
2014-09-03 22:17:47,296.008507411,16.7016670418,38.3200007121,101010
2014-09-03 22:19:04,303.509473801,16.7050003751,38.3400002797,101015
2014-09-03 22:20:20,306.01700147,16.7000003815,38.319999822,101016
2014-09-03 22:21:37,303.260882696,16.6983337084,38.2899997711,101019
2014-09-03 22:22:54,302.479982376,16.6916670163,38.3799997965,101021
2014-09-03 22:24:11,302.970409393,16.666666921,38.3633342743,101022
2014-09-03 22:25:28,302.828550339,16.6483335241,38.5566673279,101026
2014-09-03 22:26:44,302.647511164,16.6500001907,38.4599999746,101027
2014-09-03 22:28:01,302.502950033,16.6500001907,38.3466667175,101027
2014-09-03 22:29:18,303.116321564,16.6500001907,38.3900007884,101028
2014-09-03 22:30:35,305.680592855,16.6500001907,38.3066660563,101022
2014-09-03 22:31:52,303.725639979,16.6483335241,38.3199994405,101023
2014-09-03 22:33:09,303.894519806,16.6500001907,38.5366664886,101024
2014-09-03 22:34:25,303.312222163,16.6600002289,38.2266666412,101021
2014-09-03 22:35:42,304.806470871,16.6833336258,38.2366669973,101021
2014-09-03 22:36:59,318.639755249,16.733333683,38.3366673787,101021
2014-09-03 22:38:16,303.333838781,16.7100003242,38.1699994405,101025
2014-09-03 22:39:35,302.594820658,16.6616669019,38.3633335114,101026
2014-09-03 22:40:57,302.412430445,16.6500001907,38.3366668701,101025
2014-09-03 22:42:14,298.359314601,16.6600002289,38.2099999746,101023
2014-09-03 22:43:31,302.240848541,16.6550002098,38.1800003052,101025
2014-09-03 22:44:47,302.516460419,16.6616669019,38.2799995422,101019
2014-09-03 22:46:04,309.78234609,16.6583335559,38.3566672007,101021
2014-09-03 22:47:21,302.512407303,16.6566668828,38.4233341217,101026
2014-09-03 22:48:38,302.488088608,16.6300001907,38.5833326976,101022
2014-09-03 22:49:55,303.113619486,16.6433335241,38.9333333333,101023
2014-09-03 22:51:11,302.108446757,16.6483335241,38.713333257,101026
2014-09-03 22:52:31,302.81774203,16.6500001907,38.7699999491,101023
2014-09-03 22:53:48,303.124427795,16.6500001907,38.5899993896,101022
2014-09-03 22:55:04,302.966356277,16.6500001907,38.733333079,101023
2014-09-03 22:56:21,306.923548381,16.6466668574,39.2133337657,101023
2014-09-03 22:57:38,303.739150365,16.6450001907,38.7566665649,101022
2014-09-03 22:58:55,303.741852442,16.6450001907,38.9433333079,101018
2014-09-03 23:00:12,302.186806997,16.6500001907,38.6766668955,101016
2014-09-03 23:01:28,302.020629247,16.6433335241,38.7333333333,101015
2014-09-03 23:02:45,302.546183268,16.6483335241,38.7133327484,101020
2014-09-03 23:04:02,302.634000778,16.6166668574,38.7233331045,101019
2014-09-03 23:05:19,302.346229553,16.6000001907,38.7000007629,101017
2014-09-03 23:06:36,303.12037468,16.5983335177,38.7966659546,101018
2014-09-03 23:07:52,302.38811175,16.6000001907,39.2566664378,101019
2014-09-03 23:09:12,302.63264974,16.601666851,39.236666743,101024
2014-09-03 23:10:28,305.148283641,16.6000001907,38.9200012207,101015
2014-09-03 23:11:45,302.455663681,16.6033335241,39.0599995931,101017
2014-09-03 23:13:02,303.13928922,16.6000001907,39.1566664378,101022
2014-09-03 23:14:19,302.733977636,16.5933334986,39.1899998983,101016
2014-09-03 23:15:36,303.460836411,16.5783334923,39.8566665649,101016
2014-09-03 23:16:53,303.093353907,16.5550000381,39.2400000254,101016
2014-09-03 23:18:09,303.298711777,16.5033333397,39.333333842,101016
2014-09-03 23:19:26,302.962303162,16.5416666667,39.8766667684,101015
2014-09-03 23:20:46,303.445974986,16.55,39.6900002797,101016
2014-09-03 23:22:03,302.090883255,16.5466666667,39.4066680908,101016
2014-09-03 23:23:22,302.608331045,16.551666673,39.3800005595,101018
2014-09-03 23:24:41,303.171714147,16.586666762,39.3233337402,101018
2014-09-03 23:25:58,302.958250046,16.5933334986,39.4000010173,101015
2014-09-03 23:27:17,315.703948339,16.5900001526,39.4533337911,101012
2014-09-03 23:28:34,303.098758062,16.5883334796,39.4700005849,101005
2014-09-03 23:29:51,302.452961604,16.5700000763,39.4633335114,101006
2014-09-03 23:31:08,302.678585052,16.5566666921,39.7833333333,101006
2014-09-03 23:32:24,301.307280858,16.5683333778,39.5433335622,101011
2014-09-03 23:33:41,302.188158035,16.5733334223,39.4333337148,101011
2014-09-03 23:34:58,304.166078568,16.6033334859,39.6133333842,101012
2014-09-03 23:36:15,302.502950033,16.5683334033,39.4333333333,101010
2014-09-03 23:37:32,303.281148275,16.5583333651,39.3700002035,101010
2014-09-03 23:38:48,304.070154826,16.5700000763,39.513333257,101008
2014-09-03 23:40:05,302.148977915,16.5833334605,39.2666664124,101008
2014-09-03 23:41:22,302.29083697,16.5950001399,39.2366669973,101007
2014-09-03 23:42:41,302.686691284,16.5883334732,39.1533325195,101008
2014-09-03 23:43:58,304.497083028,16.5883334796,39.0499992371,101002
2014-09-03 23:45:15,303.485155106,16.5550000191,39.0366663615,101002
2014-09-03 23:46:32,304.503838221,16.6183335114,38.9666662852,101009
2014-09-03 23:47:48,302.315155665,16.5900001526,38.8633331299,101006
2014-09-03 23:49:05,303.710778554,16.5550000191,38.7899998983,101006
2014-09-03 23:50:22,303.663492203,16.5650000572,38.7733332316,101001
2014-09-03 23:51:41,302.25165685,16.553333346,39.046667099,101002
2014-09-03 23:52:58,303.352753321,16.551666673,38.7633330027,101002
2014-09-03 23:54:15,303.577025731,16.6333334859,38.5433326721,101002
2014-09-03 23:55:34,319.855690002,16.576666762,38.3900000254,100996
2014-09-03 23:56:51,302.624543508,16.551666673,38.3800003052,100995
2014-09-03 23:58:12,302.201668421,16.553333346,38.3733329773,100989
2014-09-03 23:59:29,302.258412043,16.55,38.3566672007,100987
2014-09-04 00:00:46,302.728573481,16.5566666667,38.3233336131,100984
2014-09-04 00:02:08,302.802880605,16.55,38.3900001526,100983
2014-09-04 00:03:30,302.733977636,16.553333346,38.1299989065,100980
2014-09-04 00:04:46,303.737799327,16.55,38.0999996185,100979
2014-09-04 00:06:03,303.179820379,16.5099999936,38.1166655223,100978
2014-09-04 00:07:23,302.598873774,16.5033333333,38.2700003306,100979
2014-09-04 00:08:39,303.004185359,16.545,38.1933327993,100982
2014-09-04 00:09:56,303.029855092,16.55,38.3000001272,100985
2014-09-04 00:11:13,317.815621694,16.548333327,38.2533332825,100989
2014-09-04 00:12:29,308.32862854,16.55,38.3133337657,100992
2014-09-04 00:13:46,302.865028381,16.55,38.0766654968,100992
2014-09-04 00:15:06,304.697036743,16.55,38.0200000763,100992
2014-09-04 00:16:22,303.937753042,16.55,38.2133335114,100990
2014-09-04 00:17:39,302.712361018,16.55,38.1199993134,100988
2014-09-04 00:18:56,302.065213521,16.55,38.0533335368,100994
2014-09-04 00:20:13,302.088181178,16.55,38.0499992371,100991
2014-09-04 00:21:32,302.909612656,16.55,37.9400001526,100992
2014-09-04 00:22:49,301.736911138,16.55,37.830000178,100995
2014-09-04 00:24:06,303.924242655,16.55,37.7000007629,100992
2014-09-04 00:25:22,302.527268728,16.55,37.9066664378,100992
2014-09-04 00:26:39,302.501598994,16.55,37.6933335622,100991
2014-09-04 00:27:56,303.066333135,16.55,37.6133322398,100994
2014-09-04 00:29:13,302.50565211,16.55,37.6833335876,100991
2014-09-04 00:30:30,303.079843521,16.55,37.4499997457,100993
2014-09-04 00:31:47,303.312222163,16.55,37.5199995677,100992
2014-09-04 00:33:03,303.12037468,16.55,37.3900010427,100992
2014-09-04 00:34:20,303.359508514,16.5616666794,37.4633342743,100995
2014-09-04 00:35:37,302.328666051,16.5683333906,37.4033336639,100996
2014-09-04 00:36:54,302.567799886,16.5783333778,37.283333842,100995
2014-09-04 00:38:11,303.08119456,16.5783333906,37.3400000254,100998
2014-09-04 00:39:28,303.743203481,16.55,37.3666665395,100999
2014-09-04 00:40:44,308.473189672,16.5333333333,37.6333334605,100997
2014-09-04 00:42:01,303.944508235,16.5116666667,37.8766663869,100994
2014-09-04 00:43:18,301.924705505,16.55,37.3333337148,100990
2014-09-04 00:44:35,301.924705505,16.55,37.2600002289,100991
2014-09-04 00:45:51,304.021517436,16.5550000191,37.2766665141,100993
2014-09-04 00:47:13,301.917950312,16.5583333651,37.3033325195,100994
2014-09-04 00:48:30,302.989323934,16.55,37.353332901,100991
2014-09-04 00:49:47,304.644346237,16.5216666667,37.1566661835,100993
2014-09-04 00:51:04,304.360628128,16.4916666349,37.2600002289,100992
2014-09-04 00:52:20,306.010246277,16.523333327,37.5366666158,100991
2014-09-04 00:53:37,306.419610977,16.531666654,37.4866664886,100990
2014-09-04 00:54:54,305.684645971,16.5216666476,37.336666743,100986
2014-09-04 00:56:11,302.832603455,16.5216666603,37.3766674042,100987
2014-09-04 00:57:27,303.182522456,16.5466666603,37.3033337911,100984
2014-09-04 00:58:44,302.46647199,16.55,37.2233337402,100986
2014-09-04 01:00:01,301.669359207,16.55,37.3466668447,100988
2014-09-04 01:01:18,302.989323934,16.55,37.1900001526,100987
2014-09-04 01:02:37,302.562395732,16.55,37.1833337148,100987
2014-09-04 01:03:54,297.61894544,16.5216666667,37.2000007629,100986
2014-09-04 01:05:10,302.404324214,16.5233333333,37.4933335622,100986
2014-09-04 01:06:27,302.916367849,16.548333327,37.839999644,100987
2014-09-04 01:07:44,303.575674693,16.55,37.5366661072,100986
2014-09-04 01:09:01,304.443041484,16.5116666412,37.376667277,100989
2014-09-04 01:10:17,303.229808807,16.53,37.5233333588,100987
2014-09-04 01:11:34,294.688542684,16.548333327,37.2566669464,100986
2014-09-04 01:12:51,302.538077037,16.5433333079,37.2566669464,100987
2014-09-04 01:14:08,304.085016251,16.55,37.3600001017,100983
2014-09-04 01:15:27,320.132652918,16.5283333333,37.2833339691,100985
2014-09-04 01:16:44,304.906447728,16.5233333333,37.3033339183,100983
2014-09-04 01:18:01,306.285858154,16.51,37.3233337402,100981
2014-09-04 01:19:17,305.167198181,16.5166666349,37.4266663869,100979
2014-09-04 01:20:34,304.911851883,16.496666654,37.4466665904,100982
2014-09-04 01:21:54,305.548191071,16.5083333015,37.4133327484,100980
2014-09-04 01:23:10,302.265167236,16.55,37.4200000763,100978
2014-09-04 01:24:27,305.137475332,16.52,37.2433335622,100976
2014-09-04 01:25:44,305.472532908,16.4983333143,37.1966673533,100976
2014-09-04 01:27:01,302.157084147,16.4916666349,37.4199995677,100972
2014-09-04 01:28:18,305.995384852,16.4566665014,37.2100002289,100965
2014-09-04 01:29:34,295.296510061,16.4583331744,37.6866668701,100961
2014-09-04 01:30:51,302.746136983,16.5133332443,37.4600006104,100956
2014-09-04 01:32:08,303.029855092,16.5349999936,37.4266671499,100952
2014-09-04 01:33:25,302.496194839,16.4916666349,37.3699996948,100953
2014-09-04 01:34:42,302.95419693,16.5283333079,37.5800000509,100954
2014-09-04 01:35:58,303.297360738,16.5449999809,37.3066669464,100953
2014-09-04 01:37:20,302.747488022,16.5433333079,37.3933335622,100953
2014-09-04 01:38:37,303.60809962,16.533333327,37.2933336894,100955
2014-09-04 01:39:54,302.631298701,16.528333327,37.089998881,100955
2014-09-04 01:41:11,302.910963694,16.55,36.9600006104,100952
2014-09-04 01:42:27,303.771575292,16.5466666603,37.0366661072,100953
2014-09-04 01:43:44,303.497314453,16.5383333333,36.9966667175,100952
2014-09-04 01:45:01,302.354335785,16.5416666603,36.9733329773,100948
2014-09-04 01:46:18,302.955547969,16.5433333079,37.1233334859,100947
2014-09-04 01:47:34,303.560813268,16.5449999809,36.9200004578,100945
2014-09-04 01:48:51,302.952845891,16.548333327,36.969999822,100944
2014-09-04 01:50:08,302.87583669,16.548333327,36.7433331807,100943
2014-09-04 01:51:25,302.606980006,16.55,36.6266657511,100939
2014-09-04 01:52:42,302.169243495,16.548333327,36.6733334859,100941
2014-09-04 01:53:58,302.225987116,16.55,36.7333332062,100940
2014-09-04 01:55:15,303.813457489,16.55,36.6766658783,100933
2014-09-04 01:56:35,304.159323374,16.528333327,36.663333257,100930
2014-09-04 01:57:51,303.327083588,16.4999999936,36.8766668955,100928
2014-09-04 01:59:08,303.12037468,16.5199999809,36.8866671244,100926
2014-09-04 02:00:25,302.536725998,16.5483333333,36.9466673533,100926
2014-09-04 02:01:41,303.14874649,16.546666654,36.8099995931,100924
2014-09-04 02:02:58,305.225292842,16.5133333333,36.5966659546,100922
2014-09-04 02:04:15,305.404980977,16.4933332952,36.7900004069,100920
2014-09-04 02:05:34,303.551355998,16.4933333079,36.9033334096,100918
2014-09-04 02:06:51,303.768873215,16.4916666349,36.8266666412,100917
2014-09-04 02:08:08,303.350051244,16.513333327,36.8466668447,100915
2014-09-04 02:09:25,303.160905838,16.5333333143,36.7433334351,100915
2014-09-04 02:10:41,304.340362549,16.496666654,36.6166655223,100908
2014-09-04 02:11:58,302.451610565,16.5199999746,36.8500006358,100916
2014-09-04 02:13:17,304.42682902,16.5049999936,36.6199989319,100918
2014-09-04 02:14:37,305.62655131,16.5033333015,36.7300003052,100916
2014-09-04 02:15:53,303.13928922,16.498333327,36.6966659546,100905
2014-09-04 02:17:10,303.833723068,16.478333238,36.7533331553,100903
2014-09-04 02:18:27,303.433815638,16.4883332634,36.5933319092,100904
2014-09-04 02:19:44,306.287209193,16.4999999682,36.8133338928,100906
2014-09-04 02:21:01,303.12983195,16.5133333206,36.6599998474,100906
2014-09-04 02:22:18,301.119486491,16.4949999682,36.5299995422,100907
2014-09-04 02:23:34,307.132959366,16.5066666603,36.3966668447,100909
2014-09-04 02:24:51,299.063205719,16.4666665395,36.5366658529,100907
2014-09-04 02:26:08,307.780106862,16.4749999046,36.5799990336,100906
2014-09-04 02:27:25,302.090883255,16.4849999428,36.6099998474,100904
2014-09-04 02:28:41,305.037498474,16.4816665967,36.5100006104,100901
2014-09-04 02:29:58,305.730581284,16.4816665967,36.3900007884,100902
2014-09-04 02:31:15,304.063399633,16.4683332125,36.4600006104,100904
2014-09-04 02:32:32,303.056875865,16.4666665395,36.5933327993,100903
2014-09-04 02:33:54,304.228226344,16.4516664823,36.6499991099,100903
2014-09-04 02:35:10,303.764820099,16.4499998093,36.6333325704,100901
2014-09-04 02:36:27,305.082082748,16.4499998093,36.5133331299,100901
2014-09-04 02:37:44,302.301645279,16.4499998093,36.8066664378,100901
2014-09-04 02:39:03,303.558111191,16.4499998093,36.6766663869,100903
2014-09-04 02:40:20,304.09582456,16.4499998093,36.6899993896,100904
2014-09-04 02:41:39,303.035259247,16.4483331362,36.9199995677,100902
2014-09-04 02:42:59,303.151448568,16.4466664632,36.6833329519,100903
2014-09-04 02:44:16,304.293076197,16.4499998093,36.5199996948,100897
2014-09-04 02:45:32,302.898804347,16.4499998093,36.7633331299,100900
2014-09-04 02:46:49,302.667776744,16.4499998093,36.443334198,100899
2014-09-04 02:48:06,304.035027822,16.4499998093,36.5166664124,100902
2014-09-04 02:49:23,304.656505585,16.4499998093,36.5700003306,100900
2014-09-04 02:50:39,305.542786916,16.4483331426,36.6166660309,100902
2014-09-04 02:51:56,302.627245585,16.4499998093,36.6066661835,100899
2014-09-04 02:53:15,305.107752482,16.4499998093,36.6433324178,100899
2014-09-04 02:54:32,302.846113841,16.4499998093,36.6466665904,100898
2014-09-04 02:55:49,304.78755633,16.4499998093,36.6666665395,100899
2014-09-04 02:57:11,304.248491923,16.4499998093,36.5966665904,100897
2014-09-04 02:58:30,304.555177689,16.4499998093,36.4466664632,100895
2014-09-04 02:59:47,303.717533747,16.4499998093,36.5566673279,100897
2014-09-04 03:01:04,305.068572362,16.4483331362,36.5733331045,100897
2014-09-04 03:02:23,303.162256877,16.4483331426,36.3933335622,100896
2014-09-04 03:03:48,309.563477834,16.4499998093,36.7466664632,100891
2014-09-04 03:05:07,301.48156484,16.4499998093,36.4733336131,100893
2014-09-04 03:06:26,301.077604294,16.4499998093,36.3566672007,100891
2014-09-04 03:07:48,304.371436437,16.4499998093,36.3733329773,100892
2014-09-04 03:09:05,318.909962972,16.4499998093,36.4266671499,100892
2014-09-04 03:10:22,303.267637889,16.4499998093,36.4266677856,100892
2014-09-04 03:11:39,309.490521749,16.4499998093,36.1299999237,100889
2014-09-04 03:12:55,305.241505305,16.4499998093,36.256667455,100888
2014-09-04 03:14:12,305.213133494,16.4499998093,36.1533326467,100887
2014-09-04 03:15:29,304.209311803,16.4483331362,36.5433336894,100886
2014-09-04 03:16:46,304.819981257,16.4499998093,36.4500003815,100887
2014-09-04 03:18:05,304.410616557,16.4499998093,36.3433330536,100885
2014-09-04 03:19:22,305.488745372,16.4499998093,36.2933335622,100883
2014-09-04 03:20:39,304.999669393,16.4499998093,36.2700002035,100884
2014-09-04 03:21:55,304.594357808,16.4483331362,36.1533331553,100882
2014-09-04 03:23:12,303.955316544,16.4466664632,36.2466663361,100883
2014-09-04 03:24:29,303.713480632,16.4499998093,36.1833325704,100886
2014-09-04 03:25:46,306.229114532,16.4433331299,36.1433327993,100886
2014-09-04 03:27:05,304.726759593,16.4249998093,36.0533325195,100889
2014-09-04 03:28:24,305.580615997,16.4399997965,36.066666158,100890
2014-09-04 03:29:41,305.375258128,16.4466664632,35.9466674805,100888
2014-09-04 03:30:58,297.163645426,16.4499998093,35.943334198,100888
2014-09-04 03:32:15,303.570270538,16.4483331362,35.9733337402,100886
2014-09-04 03:33:32,306.219657262,16.4499998093,35.9700004578,100887
2014-09-04 03:34:49,304.942925771,16.4416664441,36.0299995422,100886
2014-09-04 03:36:05,304.68082428,16.4499998093,36.1466660817,100884
2014-09-04 03:37:27,306.803305944,16.4433331426,35.9233345032,100888
2014-09-04 03:38:47,304.32009697,16.4466664632,36.0133328756,100887
2014-09-04 03:40:06,304.599761963,16.4499998093,36.0099998474,100887
2014-09-04 03:41:23,306.589841843,16.4499998093,36.0766654968,100888
2014-09-04 03:42:40,305.237452189,16.4483331362,36.2099994659,100891
2014-09-04 03:43:56,306.134541829,16.4499998093,36.3233331045,100892
2014-09-04 03:45:13,306.218306224,16.4399998093,36.2266666412,100892
2014-09-04 03:46:30,306.846539179,16.4199998029,36.2066661835,100890
2014-09-04 03:47:47,303.574323654,16.4199998029,36.1566661835,100889
2014-09-04 03:49:03,306.485811869,16.4383331172,36.1466668447,100886
2014-09-04 03:50:23,303.80264918,16.4233331362,36.1233329773,100884
2014-09-04 03:51:39,305.407683055,16.4333331172,36.2366664886,100887
2014-09-04 03:52:56,306.665500005,16.3949997902,36.166666158,100884
2014-09-04 03:54:13,305.134773254,16.4016664314,36.2099998474,100885
2014-09-04 03:55:30,302.658319473,16.4349997902,36.1766661326,100881
2014-09-04 03:56:49,303.494612376,16.4483331362,36.0699995677,100882
2014-09-04 03:58:06,305.348237356,16.4449997902,36.2866666158,100879
2014-09-04 03:59:28,305.97782135,16.4466664632,36.2,100882
2014-09-04 04:00:45,308.842023214,16.4066664314,36.1300000509,100888
2014-09-04 04:02:02,305.775165558,16.3966664251,35.9166676839,100887
2014-09-04 04:03:21,306.293964386,16.3816663869,35.9533340454,100889
2014-09-04 04:04:38,303.398688634,16.4066664505,36.0466659546,100894
2014-09-04 04:05:55,304.969946543,16.4116664251,36.2966665904,100898
2014-09-04 04:07:11,306.030511856,16.3583329837,36.2933327993,100899
2014-09-04 04:08:31,303.768873215,16.3616663297,36.1699993134,100901
2014-09-04 04:09:47,304.798364639,16.3633329773,36.1533337911,100901
2014-09-04 04:11:04,304.756482442,16.3983330854,36.1566660563,100898
2014-09-04 04:12:21,307.959794998,16.4266664187,36.4766667684,100900
2014-09-04 04:13:38,304.814577103,16.3766663615,36.2433333079,100898
2014-09-04 04:14:55,319.442272186,16.4183330663,36.2266668955,100898
2014-09-04 04:16:12,304.801066717,16.4433331299,36.2333335876,100904
2014-09-04 04:17:29,305.910269419,16.429999733,36.2733332316,100901
2014-09-04 04:18:45,307.336966197,16.4049997139,36.2766670227,100904
2014-09-04 04:20:02,309.514840444,16.379999733,36.2066669464,100907
2014-09-04 04:21:19,303.263584773,16.4166664251,36.2733332316,100906
2014-09-04 04:22:36,305.921077728,16.4066663933,36.5000002543,100906
2014-09-04 04:23:52,303.574323654,16.3999997012,36.1899997711,100905
2014-09-04 04:25:09,303.404092789,16.4366664251,36.2333334605,100906
2014-09-04 04:26:26,303.889115651,16.4383331235,36.2466669718,100910
2014-09-04 04:27:43,304.001251856,16.4166664632,36.1199989319,100912
2014-09-04 04:28:59,304.425477982,16.4249997775,36.0733332316,100918
2014-09-04 04:30:16,305.319865545,16.4316664569,36.1199989319,100921
2014-09-04 04:31:36,304.81727918,16.3966663933,36.0366663615,100919
2014-09-04 04:32:52,305.38336436,16.3599996567,36.0966660817,100917
2014-09-04 04:34:09,307.723363241,16.3516662916,36.0466664632,100921
2014-09-04 04:35:26,303.875605265,16.3499996185,35.9933339437,100921
2014-09-04 04:36:45,306.811412175,16.3499996185,36.269999822,100918
2014-09-04 04:38:02,303.406794866,16.3499996185,35.9600006104,100916
2014-09-04 04:39:19,305.658976237,16.3816663233,36.0199996948,100920
2014-09-04 04:40:35,306.24127388,16.3916663869,35.9700004578,100921
2014-09-04 04:42:00,304.614623388,16.4383331172,36.0666659037,100920
2014-09-04 04:43:19,303.716182709,16.4383331235,36.0266662598,100920
2014-09-04 04:44:36,305.663029353,16.4433331172,36.0199996948,100918
2014-09-04 04:45:53,305.414438248,16.4166664441,35.9600004832,100915
2014-09-04 04:47:10,305.388768514,16.3833330599,35.9166671753,100912
2014-09-04 04:48:26,303.593238195,16.4399997711,35.9700004578,100918
2014-09-04 04:49:43,305.086135864,16.4249997711,36.0033337911,100919
2014-09-04 04:51:00,302.72992452,16.4416664632,35.9400010427,100920
2014-09-04 04:52:17,307.574748993,16.4199997902,35.9700005849,100918
2014-09-04 04:53:34,308.024644852,16.3866664187,36.019999822,100916
2014-09-04 04:54:50,305.923779806,16.3616663297,35.9533340454,100910
2014-09-04 04:56:07,308.251619339,16.37833299,35.9266671499,100912
2014-09-04 04:57:24,316.878000895,16.4466664632,35.9100004832,100914
2014-09-04 04:58:41,303.960720698,16.4466664632,35.7799999237,100919
2014-09-04 04:59:58,303.7053744,16.4499998093,35.9999996185,100926
2014-09-04 05:01:14,304.270108541,16.4616664696,35.8233333588,100928
2014-09-04 05:02:31,303.116321564,16.4749998093,35.6366658529,100929
2014-09-04 05:03:48,307.201862335,16.4499998093,35.6299991608,100930
2014-09-04 05:05:05,303.506771723,16.4483331426,35.8066669464,100934
2014-09-04 05:06:22,305.198272069,16.3999997965,35.8233339945,100938
2014-09-04 05:07:38,303.152799606,16.4066664696,35.7766665141,100944
2014-09-04 05:08:55,305.407683055,16.4499998093,35.7999992371,100948
2014-09-04 05:10:12,304.229577382,16.4499998093,35.9500006358,100950
2014-09-04 05:11:29,304.620027542,16.4466664759,35.7766665141,100954
2014-09-04 05:12:46,302.996079127,16.4099997902,35.8033327738,100950
2014-09-04 05:14:02,303.332487742,16.4499998093,35.8933347066,100949
2014-09-04 05:15:19,304.926713308,16.4499998093,35.8600006104,100952
2014-09-04 05:16:36,305.546840032,16.4049997965,35.7833332062,100948
2014-09-04 05:17:55,309.214909871,16.3933331108,35.8733333588,100944
2014-09-04 05:19:12,304.595708847,16.3949997902,35.8633330027,100946
2014-09-04 05:20:29,306.600650152,16.3916664441,35.8200002035,100951
2014-09-04 05:21:46,305.680592855,16.3733330282,35.7266662598,100960
2014-09-04 05:23:02,303.001483281,16.4433331172,35.9566672007,100963
2014-09-04 05:24:22,306.304772695,16.4299998029,35.7266668955,100963
2014-09-04 05:25:41,305.681943893,16.4033331362,35.6700000763,100961
2014-09-04 05:26:58,306.054830551,16.3933331045,35.7066668193,100958
2014-09-04 05:28:15,305.787324905,16.3966664632,35.6366654714,100960
2014-09-04 05:29:34,307.170788447,16.381666406,35.6633333842,100964
2014-09-04 05:30:51,306.757370631,16.3599996567,35.6599998474,100965
2014-09-04 05:32:08,308.255672455,16.3499996185,35.6566663106,100963
2014-09-04 05:33:25,307.309945424,16.3483329519,35.7766665141,100963
2014-09-04 05:34:41,306.01700147,16.3499996185,35.7466669718,100964
2014-09-04 05:35:58,305.406332016,16.3499996185,35.7466667175,100965
2014-09-04 05:37:15,307.228883108,16.3499996185,35.7466667175,100969
2014-09-04 05:38:34,308.103005091,16.3499996185,35.7633333842,100970
2014-09-04 05:39:51,305.290142695,16.3499996185,35.8466669718,100967
2014-09-04 05:41:11,302.973111471,16.3516662852,35.8666670481,100971
2014-09-04 05:42:27,307.531515757,16.3499996185,35.8233336131,100973
2014-09-04 05:43:44,307.164033254,16.3499996185,35.75,100974
2014-09-04 05:45:01,308.586676915,16.3499996185,35.7866671244,100976
2014-09-04 05:46:18,310.260613759,16.3416662852,35.8566672007,100979
2014-09-04 05:47:35,308.01653862,16.3483329519,36.0666666667,100977
2014-09-04 05:48:51,312.049388885,16.3499996185,36.0899991353,100979
2014-09-04 05:50:08,309.016307195,16.3499996185,36.0233329773,100978
2014-09-04 05:51:25,308.505614599,16.3483329519,35.9266677856,100982
2014-09-04 05:52:42,307.715257009,16.3499996185,36.0133331299,100984
2014-09-04 05:53:59,309.300025304,16.3333329519,36.0700000763,100984
2014-09-04 05:55:16,308.528582255,16.2999996185,36.0866657257,100981
2014-09-04 05:56:32,311.429262161,16.2833332062,36.0700000763,100981
2014-09-04 05:57:49,309.79180336,16.2716667175,36.0766658783,100983
2014-09-04 05:59:06,310.128211975,16.309999822,36.2466667175,100981
2014-09-04 06:00:23,309.543212255,16.2949997457,36.1066661835,100983
2014-09-04 06:01:40,310.002565384,16.2916664124,36.1466664632,100981
2014-09-04 06:02:56,309.695879618,16.2883331299,36.0933321635,100981
2014-09-04 06:04:13,309.774239858,16.3033330536,36.2033340454,100982
2014-09-04 06:05:30,306.245326996,16.3249996694,36.3100001017,100992
2014-09-04 06:06:47,308.479944865,16.3199996694,36.193332545,100994
2014-09-04 06:08:04,305.021286011,16.3433330027,36.1733334859,101000
2014-09-04 06:09:20,308.039506276,16.3499996185,36.1333326976,101003
2014-09-04 06:10:40,306.272347768,16.3433329519,36.2200003306,101002
2014-09-04 06:11:57,309.799909592,16.314999644,36.1066661835,101000
2014-09-04 06:13:13,309.505383174,16.3249996185,36.0266662598,101001
2014-09-04 06:14:33,305.702209473,16.3499996185,36.1466660817,100998
2014-09-04 06:15:49,306.350708008,16.3499996185,36.0833320618,100993
2014-09-04 06:17:06,306.049426397,16.3499996185,36.1299997965,100989
2014-09-04 06:18:26,304.741621017,16.3499996185,36,100994
2014-09-04 06:19:42,307.511250178,16.3499996185,35.9733337402,101000
2014-09-04 06:20:59,306.512832642,16.3499996185,36.0866657257,101001
2014-09-04 06:22:16,304.259300232,16.3566662852,36.0266662598,101002
2014-09-04 06:23:33,307.331562042,16.3533329519,36.0099998474,101002
2014-09-04 06:24:50,315.139214198,16.3499996185,35.9100013733,101003
2014-09-04 06:26:09,307.819286982,16.3333329519,36.2499998728,101001
2014-09-04 06:27:26,305.346886317,16.3333329519,36.1899997711,100999
2014-09-04 06:28:43,308.286746343,16.3499996185,36.1499993642,101004
2014-09-04 06:30:00,311.476548513,16.3399996185,36.0066665649,101001
2014-09-04 06:31:22,300.372362137,16.3016662852,35.8833329519,100997
2014-09-04 06:32:38,306.765476863,16.3449996185,35.8700003306,101001
2014-09-04 06:33:58,309.716145198,16.3149996185,35.8466672262,100998
2014-09-04 06:35:15,309.17708079,16.2999996185,35.9166670481,100994
2014-09-04 06:36:31,318.959951401,16.3183329519,35.8766674042,100996
2014-09-04 06:37:48,322.664499283,16.3099996185,35.8933336894,100996
2014-09-04 06:39:05,307.939529419,16.3299996185,35.9366663615,100994
2014-09-04 06:40:22,309.213558833,16.3216662852,35.9966669718,100994
2014-09-04 06:41:39,308.117866516,16.2999996185,35.7766668955,100994
2014-09-04 06:42:58,310.303846995,16.3033329519,35.8866664886,100994
2014-09-04 06:44:15,309.828281403,16.3083329519,35.8433335622,101003
2014-09-04 06:45:34,309.995810191,16.2999996185,35.8200008392,101013
2014-09-04 06:46:51,309.032519658,16.2999996185,35.8099994659,101014
2014-09-04 06:48:08,307.686885198,16.3083329519,35.8233337402,101016
2014-09-04 06:49:25,306.724945704,16.2999996185,35.7966669718,101018
2014-09-04 06:50:41,309.347311656,16.2999996185,35.8833340963,101020
2014-09-04 06:51:58,309.117635091,16.3316662852,35.8266665141,101025
2014-09-04 06:53:20,309.447288513,16.3016662852,35.713333257,101019
2014-09-04 06:54:37,305.794080098,16.3033329519,35.8600001017,101018
2014-09-04 06:55:54,308.207035065,16.3483329582,35.666666158,101021
2014-09-04 06:57:12,309.693177541,16.3599996567,35.6233324687,101026
2014-09-04 06:58:28,305.487394333,16.3649996758,35.5399993896,101024
2014-09-04 06:59:45,306.487162908,16.3916664314,35.6533326467,101031
2014-09-04 07:01:02,306.930303574,16.3999997965,35.6599998474,101033
2014-09-04 07:02:19,306.8262736,16.3966664632,35.7033327738,101035
2014-09-04 07:03:38,305.379311244,16.4199997965,35.5766654968,101032
2014-09-04 07:04:55,309.05008316,16.4083331172,35.6699995677,101032
2014-09-04 07:06:14,308.873097102,16.3966664632,35.6866666158,101033
2014-09-04 07:07:31,307.211319606,16.3949997902,35.6666662852,101035
2014-09-04 07:08:48,309.220314026,16.3966664632,35.7866666158,101037
2014-09-04 07:10:05,302.928527196,16.4383331426,35.6999997457,101038
2014-09-04 07:11:21,303.825616837,16.4499998093,35.5299995422,101039
2014-09-04 07:12:43,304.867267609,16.4533331553,35.4866668701,101043
2014-09-04 07:14:00,307.296435038,16.4849999428,35.4366676331,101048
2014-09-04 07:15:17,304.628133774,16.4799999237,35.3199996948,101047
2014-09-04 07:16:36,305.444161097,16.5299999936,35.2733334859,101050
2014-09-04 07:17:55,305.34418424,16.5483333333,35.2933340708,101053
2014-09-04 07:19:12,308.098951976,16.5616667112,35.8033336639,101058
2014-09-04 07:20:29,308.37726593,16.5650000572,35.6199994405,101063
2014-09-04 07:21:45,310.130914052,16.5116667048,36.0333337148,101064
2014-09-04 07:23:02,308.352947235,16.573333505,35.980000178,101061
2014-09-04 07:24:19,309.024413427,16.6033335368,35.9733329773,101064
2014-09-04 07:25:36,306.720892588,16.7050003815,35.8166674296,101064
2014-09-04 07:26:53,308.230002721,16.7316666158,35.913333257,101072
2014-09-04 07:28:10,306.469599406,16.8416663488,35.7433330536,101065
2014-09-04 07:29:26,306.215604146,16.9316665522,35.7566666921,101065
2014-09-04 07:30:46,303.928295771,17.046666743,36.1566664378,101069
2014-09-04 07:32:02,304.451147715,17.0450000699,35.8666665395,101081
2014-09-04 07:33:19,303.378423055,16.9466666667,35.9399998983,101083
2014-09-04 07:34:41,303.521633148,16.8483332253,35.7266668955,101084
2014-09-04 07:35:58,306.946516037,16.8333332062,35.8033331553,101075
2014-09-04 07:37:15,304.582198461,16.8566665077,35.7933333079,101082
2014-09-04 07:38:31,305.296897888,16.8516666158,36.05,101077
2014-09-04 07:39:51,304.784854253,17.078333594,35.9333333333,101056
2014-09-04 07:41:07,306.473652522,17.299999752,35.7733337402,101052
2014-09-04 07:42:24,307.22618103,17.4383332189,35.1966669718,101053
2014-09-04 07:43:41,306.568225225,17.5833334605,35.2900002797,101048
2014-09-04 07:45:03,305.592775345,17.6850003242,34.4733334859,101050
2014-09-04 07:46:20,305.180708567,17.7266666412,34.7533332825,101048
2014-09-04 07:47:36,305.537382762,17.7499996185,34.7900001526,101046
2014-09-04 07:48:53,306.11427625,17.8049997393,34.6166664124,101051
2014-09-04 07:50:10,305.260419846,17.8683332125,34.586666743,101052
2014-09-04 07:51:27,306.419610977,17.8849999809,34.0633333842,101053
2014-09-04 07:52:43,305.903514226,17.8833333333,34.3233333588,101059
2014-09-04 07:54:00,304.010709127,17.8266666857,34.3099993388,101059
2014-09-04 07:55:17,303.13928922,17.8983334605,33.9966668447,101061
2014-09-04 07:56:34,303.54865392,17.9383335241,33.9733334859,101078
2014-09-04 07:57:51,302.40837733,17.8716668892,33.3233329773,101071
2014-09-04 07:59:10,302.481333415,17.9916669973,33.1833329519,101065
2014-09-04 08:00:27,303.374369939,18.0399997711,33.466666921,101068
2014-09-04 08:01:44,303.054173787,18.1033329646,32.9000002543,101069
2014-09-04 08:03:03,302.458365758,18.1816664632,32.6200000763,101071
2014-09-04 08:04:20,302.275975545,18.2433333079,32.5500002543,101070
2014-09-04 08:05:37,302.771806717,18.2400000064,32.3833333333,101071
2014-09-04 08:06:53,302.896102269,18.2983335177,32.3666665395,101069
2014-09-04 08:08:10,302.759647369,18.3900003751,32.2000000636,101071
2014-09-04 08:09:27,302.54483223,18.4066669973,32.1066661835,101069
2014-09-04 08:10:44,302.708307902,18.4816665649,31.986666743,101072
2014-09-04 08:12:00,302.454312642,18.4999996185,32.3733332316,101075
2014-09-04 08:13:17,302.467823029,18.5516664251,31.9933333079,101073
2014-09-04 08:14:34,302.508354187,18.5933331998,31.9099997203,101069
2014-09-04 08:15:51,302.177349726,18.6166666667,31.7499998728,101072
2014-09-04 08:17:08,302.305698395,18.6383333588,31.8033330282,101073
2014-09-04 08:18:27,302.793423335,18.7333335686,31.636666743,101070
2014-09-04 08:19:44,302.60292689,18.8000003815,31.5133333206,101070
2014-09-04 08:21:01,300.82766215,18.8083335114,31.4666666667,101071
2014-09-04 08:22:18,302.678585052,18.8949996312,31.4633335749,101072
2014-09-04 08:23:34,303.50001653,18.9066663869,31.2466667811,101081
2014-09-04 08:24:51,301.986853282,18.8916664441,31.4633333842,101076
2014-09-04 08:26:08,301.258643468,18.9016664759,31.5566666921,101075
2014-09-04 08:27:25,302.78801918,18.9949999237,31.3266668955,101076
2014-09-04 08:28:41,302.120606105,19.418333416,31.2766668955,101081
2014-09-04 08:29:58,301.357269287,19.1050001907,31.1833332062,101085
2014-09-04 08:31:15,302.151679993,19.1433336703,31.3666667938,101091
2014-09-04 08:32:32,301.897684733,19.0050000254,30.8700000127,101120
2014-09-04 08:33:49,301.609913508,18.8566666667,31.2566665649,101090
2014-09-04 08:35:05,301.593701045,19.0400002289,30.9400001526,101098
2014-09-04 08:36:22,302.315155665,19.1316670036,30.8433333715,101091
2014-09-04 08:37:39,306.126435598,19.2000001272,30.7200002035,101096
2014-09-04 08:38:56,313.680092494,19.0633336131,30.7166670481,101109
2014-09-04 08:40:12,301.404555639,18.9683335368,30.8500000636,101102
2014-09-04 08:41:29,305.492798487,18.7633330727,31.4533335368,101117
2014-09-04 08:42:54,302.412430445,18.573333505,32.2166664124,101110
2014-09-04 08:44:10,301.590998967,18.5016668765,32.366666921,101105
2014-09-04 08:45:27,302.451610565,18.4500000636,32.6066668193,101102
2014-09-04 08:46:44,302.470525106,18.4749999555,32.4666666667,101108
2014-09-04 08:48:01,303.235212962,18.403333149,32.5566672007,101106
2014-09-04 08:49:18,302.338123322,18.2749997711,33.0499998728,101109
2014-09-04 08:50:35,302.32055982,18.1983336449,33.0899998983,101114
2014-09-04 08:51:52,303.468942642,18.1300002162,33.4400001526,101113
2014-09-04 08:53:08,304.463307063,18.1950002162,33.2633331299,101118
2014-09-04 08:54:25,304.771343867,18.095,33.310001119,101120
2014-09-04 08:55:42,304.626782735,18.115,33.5233333588,101119
2014-09-04 08:56:59,302.762349447,18.0349998665,33.8533337911,101120
2014-09-04 08:58:15,304.167429606,17.9866664251,33.9866663615,101122
2014-09-04 08:59:32,303.918838501,18.0816664124,33.91333402,101121
2014-09-04 09:00:49,310.04579862,18.118333168,33.9499997457,101120
2014-09-04 09:02:06,303.01229159,17.9983330727,34.1899997711,101117
2014-09-04 09:03:23,302.585363388,18.1666667684,33.5133337657,101085
2014-09-04 09:04:40,302.916367849,18.1083335813,33.296667099,101107
2014-09-04 09:05:56,305.068572362,18.2350000191,33.0233337402,101080
2014-09-04 09:07:13,304.43628629,18.5850000127,32.3266667684,101070
2014-09-04 09:08:30,306.447982788,19.0383333906,32.1766665777,101075
2014-09-04 09:09:47,304.888884226,19.4516667938,31.4866666158,101079
2014-09-04 09:11:04,304.366032283,19.6366665522,31.2366664251,101078
2014-09-04 09:12:20,303.448677063,19.8566668383,30.3533335368,101078
2014-09-04 09:13:37,304.588953654,19.850000248,30.1866669337,101090
2014-09-04 09:14:54,304.837544759,19.5183333079,30.5600001653,101106
2014-09-04 09:16:11,303.732395172,19.4066664569,30.8833333333,101078
2014-09-04 09:17:28,299.388806025,19.7500002289,30.5666666667,101078
2014-09-04 09:18:45,299.757639567,19.7883331998,30.2833333969,101099
2014-09-04 09:20:02,300.135930379,19.3966665649,30.9866668701,101118
2014-09-04 09:21:19,300.158898036,19.338333257,31.0966667175,101094
2014-09-04 09:22:36,302.119255066,19.0550001081,31.8466667811,101117
2014-09-04 09:23:53,304.860512416,18.9200000318,32.2266671499,101109
2014-09-04 09:25:10,300.268332163,19.5916666412,31.2100001653,101071
2014-09-04 09:26:26,302.367846171,19.9516666667,29.8166667302,101113
